track_id,title
0,星空のメロディー
1,朝の光
2,風の囁き
3,雨音のシンフォニー
4,夢見心地のバラード
5,夕暮れのワルツ
6,波打ち際のリズム
7,森の静寂
8,夜空のセレナーデ
9,春風のハーモニー
10,秋のロンド
11,冬のファンタジー
12,夏の冒険
13,月明かりの中で
14,桜舞う小径
15,夜明けの前奏曲
16,虹色のカンタービレ
17,星降る夜に
18,静寂の黄昏
19,朝露のメヌエット
20,流れ星に願いを
21,陽だまりのキャロル
22,波しぶきのソナタ
23,白銀のワルツ
24,新緑のカデンツァ
25,小鳥のカナリア
26,木漏れ日
27,霧のヴァイオリン
28,風鈴の音色
29,森のファンタジア
30,青空のララバイ
31,宵のフーガ
32,煌めく湖
33,静かなる商人
34,月夜のバラッド
35,星座のレクイエム
36,木漏れ日の狂詩曲
37,季節のシャンソン
38,夜のコーヒー
39,野ばらのワルツ
40,砂浜のノクターン
41,黄昏のシルエット
42,夢見るアイリッシュ
43,秋風に舞う葉
44,夜のパレード
45,ベンチと小説
46,花火の軌跡
47,光のダンス
48,リバーサイドジャズ
49,星のオペラ
50,夜明けのサックス
51,架け橋のソング
52,山頂のランチ
53,南風のマーチ
54,北極星のガイド
55,雨上がりのスクリーン
56,流浪のハーピスト
57,流星の交響曲
58,古のカエル
59,風の囁き
60,朝靄のエチュード
61,雷鳴のシーケンス
62,大空のアラベスク
63,深海のレジェンド
64,花畑のソナチネ
65,風のピアノ
66,消えた足跡
67,夢のトーテム
68,夜露に濡れて
69,波のリズム
70,霧の深層
71,月の影
72,森の神話
73,海の波
74,夜の星
75,幻想の航海
76,知恵の館
77,孤独な旅人
78,時間の旅路
79,水面の月
80,光の道
81,空想の世界
82,広がる空
83,夕日の調べ
84,勇者の帰還
85,ふたつの心
86,無限のメロディ
87,静寂の時
88,星影の夜
89,永遠の絆
90,夢の続き
91,光の輪舟
92,月光の踊り
93,錆びた時計
94,天候の都
95,時を超えて
96,迷宮の扉
97,星の巡礼
98,深き夢の底
99,水晶の国
100,空よりも高く
101,風待月
102,夜の灯台
103,黎明の空
104,穏やかな波
105,流れ星の軌跡
106,追憶の街
107,神話の始まり
108,忘却の島
109,静かな瞬間
110,未来への夜明け
111,火星への旅
112,銀河の彼方に
113,星の声
114,月夜の探検
115,音楽の森
116,風の中に
117,白昼夢
118,夜のささやき
119,魔法の絨毯
120,春風の舞台
121,光の森
122,木漏れ日の園
123,幻想の書
124,不思議な小道
125,天空の交響曲
126,静寂の町
127,常世の緑
128,星空の航海
129,情熱の調べ
130,希望の灯火
131,そうぞうの丘
132,巡り合いの曲
133,奇跡の調べ
134,時の旋律
135,星の行方
136,月夜の歌
137,流れ星の音楽
138,旋律の響き
139,夢想の彼方
140,静かなる海
141,安らぎの風
142,夜の虹
143,記憶の場所
144,光の射し込む場所
145,静寂の空
146,夜明けの輝き
147,光の楽園
148,春の訪れ
149,星空の合間
150,彷徨う音楽
151,幻想の国
152,楽しい曲
153,天空の音楽
154,夢の追憶
155,秋の気配
156,神秘の森
157,幻の海
158,心の記憶
159,白昼の夢
160,時をつなぐ
161,風が運ぶ音
162,夜の軌跡
163,希望の旅人
164,流れ星の瞬間
165,光の道標
166,朝日の移ろい
167,星の歩み
168,旅するメロディ
169,旋律の翡翠
170,夢の雫
171,秋の夜長
172,輝く咲き誇り
173,果てしない空
174,静かなる誓い
175,豊穣の季節
176,朝焼けの瞬間
177,星空の中で
178,流星の夜
179,終わらないメロディ
180,音楽の散歩道
181,夜空のシンフォニー
182,小鳥のさえずり
183,夢の鼓動
184,朝日の音楽
185,秋風のささやき
186,黄金の夕日
187,流れ星の予感
188,光と影
189,星空に願いを
190,風のワルツ
191,旋律の旅人
192,青空の下で
193,月明かりの道
194,星影のメロディ
195,流れ星の後で
196,朝日の影
197,光に導かれて
198,心の寒中
199,星の記憶
200,空の交響曲
201,夜の得体
202,珍なる空
203,神秘の瞬間
204,風の疾風
205,静かな遺跡
206,雪解けの季節
207,静けさの象徴
208,風に運ばれて
209,永遠の紡ぎ
210,星の灯
211,心の時
212,闇の中の響き
213,月の光彩
214,風の精霊
215,静寂の韻律
216,流れる心
217,煌めきの旅
218,宮殿の調べ
219,旅立ちのメロディ
220,夜の影
221,夢追う心
222,穏やかな旋律
223,月の光の外
224,時の反響
225,星々の囁き
226,夜の旋律
227,音楽の渓谷
228,径に響く音
229,雪のワンルーム
230,風の街
231,光のかけら
232,流れる時間
233,天空の旋律
234,束に夢見て
235,迷い星
236,シルエットの空
237,楽の名残り
238,星のエア
239,流れ星の軌道
240,葉音の移ろい
241,虹の旋律
242,月夜の陰
243,風の稽古
244,静的な波
245,情熱の底
246,星間の願い
247,旋律の息吹
248,夜の佳境
249,雪の想い
250,静かな色彩
251,夜風のワルツ
252,月影の調べ
253,蒼色の風景
254,蒼旋律
255,心の地図
256,夜明けの伝説
257,天界の音楽
258,空の抱擁
259,星々友の響
260,音楽の高台
261,しずくに響く
262,鉱石の音
263,夢の国の標
264,..(cont'd to 1000 lines)